Time,1,2,3,4,5,6,7,8,9,10,11,12,13,14,15,16,17,18,19,20,21,22,23,24,25,26,27,28,29,30,31,32,33,34,35,36,37,38,39,40,41,42,43,44,45,46,47,48,49,50,51,52,53,54,55,56,57,58,59,60,61,62,63,64,65,66,67,68,69,70,71,72,73,74,75,76,77,78,79,80,81,82,83,84,85,86,87,88,89,90,91,92,93,94,95,96,97,98,99,100,101,102
0,0,0,0,0,0,0,0,0,0,0,0,0,0,0,0,0,0,0,0,0,0,0,0,0,0,0,0,0,0,0,0,0,0,0,0,0,0,0,0,0,0,0,0,0,0,0,0,0,0,0,0,0,0,0,0,0,0,0,0,0,0,0,0,0,0,0,0,0,0,0,0,0,0,0,0,0,0,0,0,0,0,0,0,0,0,0,0,0,0,0,0,0,0,0,0,0,0,0,0,0,0,0
4,0,0,0,0,0,0,0,0,0,0,0,0,0,0,0,0,0,0.0029,0,0,0,0,0,0,0.0008,0,0,0,0,0,0,0,0,0,0,0,0,0,0,0,0,0,0,0,0,0,0,0,0,0,0.0002,0,0,0,0.0074,0.001,0.0028,0,0,0,0.0031,0.003,0.0015,0.004,0.003,0.0043,0.0015,0,0.0029,0.0018,0,0,0.0026,0.0023,0.0038,0.0038,0.0037,0.0069,0.0009,0.0033,0.0012,0.0013,0.005,0.0027,0,0.0004,0.0061,0.0027,0.0013,0.0014,0.0007,0.0006,0.0028,0.0009,0.0016,0.0019,0.0007,0.0015,0.0009,0.0029,0.0021,0.0024
8,0,0,0,0,0.001,0,0,0.0008,0.0026,0.0012,0,0,0.0002,0,0.0002,0,0,0,0,0,0,0,0,0,0,0,0,0,0,0,0,0,0,0,0,0,0,0,0,0.0008,0,0.0025,0,0,0,0,0,0,0.0014,0,0.0034,0,0.003,0.0041,0.0178,0.0098,0.0135,0.0077,0.0027,0.0057,0.0092,0.0103,0.0124,0.0126,0.0141,0.014,0.0041,0.0068,0.0102,0.0097,0.0026,0.003,0.0122,0.0108,0.0166,0.014,0.0119,0.0186,0.0106,0.0153,0.0102,0.0119,0.0175,0.0123,0.01,0.0086,0.0158,0.0106,0.0109,0.0061,0.0092,0.0062,0.0123,0.0078,0.0168,0.007,0.0092,0.0096,0.0097,0.0107,0.0112,0.0156
12,0,0.0053,0.0019,0,0.0075,0.0018,0.0051,0.0102,0.012,0.0081,0,0,0.0044,0.0073,0.0082,0,0.0016,0.0011,0,0,0,0,0,0,0,0,0.0038,0,0,0,0,0,0,0,0,0,0,0,0.0073,0.0098,0.0066,0.0097,0.0008,0,0,0,0.0045,0.0018,0.0073,0.0022,0.0135,0.0027,0.0137,0.0181,0.0356,0.0305,0.0302,0.0232,0.0187,0.0186,0.0297,0.0301,0.0332,0.0326,0.0321,0.0292,0.018,0.0178,0.0294,0.0241,0.0085,0.0129,0.0265,0.0265,0.0338,0.028,0.0277,0.0415,0.026,0.0334,0.0252,0.0264,0.038,0.0259,0.0315,0.0264,0.0368,0.026,0.0252,0.0239,0.0252,0.0197,0.0317,0.023,0.0352,0.0205,0.0275,0.026,0.025,0.0292,0.0269,0.0393
16,0,0.0113,0.0066,0,0.0181,0.0121,0.0163,0.0338,0.0251,0.0156,0,0,0.0102,0.0252,0.018,0.0103,0.0228,0.0237,0,0,0,0,0,0,0,0,0.0115,0,0.0063,0.0014,0,0,0,0,0,0.0034,0,0,0.0191,0.0212,0.02,0.0217,0.0076,0.0085,0,0.0016,0.0126,0.0092,0.02,0.0135,0.0279,0.0109,0.0264,0.0315,0.0633,0.0583,0.0619,0.0499,0.0463,0.039,0.0604,0.0629,0.0645,0.0611,0.0581,0.0571,0.0358,0.0401,0.0573,0.0513,0.0184,0.0264,0.0501,0.0541,0.0634,0.057,0.0489,0.0823,0.0558,0.0672,0.0506,0.0576,0.0655,0.0535,0.06,0.0544,0.0583,0.0477,0.0482,0.0419,0.0437,0.0354,0.0664,0.0482,0.0712,0.0418,0.0546,0.0509,0.0522,0.0543,0.0497,0.0717
20,0,0.0202,0.012,0,0.0307,0.0229,0.0514,0.0692,0.064,0.0242,0,0.0007,0.0169,0.0407,0.0305,0.0372,0.0503,0.0743,0,0,0,0,0,0,0,0,0.0248,0.0024,0.0191,0.0092,0.0057,0.0064,0,0.0006,0,0.01,0,0,0.0297,0.0335,0.0342,0.0336,0.0144,0.0229,0,0.01,0.0209,0.0187,0.0339,0.0268,0.0445,0.0226,0.0437,0.0591,0.1098,0.0985,0.1046,0.0912,0.0819,0.0736,0.1041,0.1074,0.1135,0.0979,0.0989,0.0914,0.0648,0.0778,0.095,0.0891,0.0346,0.0526,0.0821,0.0881,0.1044,0.0916,0.09,0.1349,0.0926,0.1088,0.0847,0.0969,0.1083,0.0911,0.1151,0.0925,0.0943,0.0766,0.0772,0.0711,0.074,0.0645,0.1044,0.0768,0.1205,0.0775,0.0892,0.0853,0.0862,0.0931,0.0868,0.121
24,0,0.0348,0.0254,0,0.0524,0.0401,0.1144,0.144,0.1279,0.041,0.0103,0.0365,0.0307,0.0727,0.0508,0.1127,0.1077,0.1155,0,0,0.0063,0,0,0.0129,0,0,0.0435,0.0109,0.0424,0.0198,0.0135,0.0217,0,0.0096,0,0.0208,0,0,0.0483,0.0543,0.065,0.0547,0.0236,0.0408,0,0.0253,0.0392,0.0311,0.0539,0.0445,0.0714,0.0387,0.0701,0.09,0.1614,0.1576,0.1599,0.1472,0.1383,0.1312,0.1689,0.1723,0.1895,0.1492,0.1504,0.138,0.104,0.1217,0.1519,0.1424,0.0571,0.0793,0.1291,0.1399,0.1546,0.1485,0.1358,0.2192,0.145,0.1755,0.147,0.1514,0.1702,0.1403,0.1742,0.1441,0.1487,0.1152,0.1187,0.1097,0.117,0.1034,0.1689,0.1224,0.1857,0.1201,0.137,0.1373,0.1389,0.1439,0.1351,0.1953
28,0,0.0663,0.053,0.0521,0.0969,0.0734,0.2015,0.2706,0.2609,0.0763,0.0786,0.0995,0.0629,0.1322,0.092,0.2113,0.1994,0.2114,0.0272,0.0318,0.0471,0.0184,0.0242,0.0927,0.0194,0.0381,0.0859,0.0403,0.0905,0.0463,0.0393,0.051,0.016,0.0339,0,0.0469,0,0.0105,0.0869,0.0949,0.1184,0.0945,0.0457,0.0732,0.0081,0.0568,0.0773,0.0584,0.0891,0.0774,0.1212,0.0766,0.1216,0.1494,0.2466,0.2374,0.2369,0.2353,0.2083,0.2039,0.2707,0.281,0.2865,0.2389,0.2414,0.2107,0.1704,0.1987,0.2439,0.2314,0.1011,0.1301,0.2053,0.2204,0.2432,0.2279,0.2145,0.3204,0.2235,0.276,0.2134,0.2374,0.2643,0.217,0.2747,0.2238,0.2191,0.1818,0.1808,0.1751,0.1873,0.1659,0.2691,0.1922,0.29,0.1789,0.2135,0.2177,0.2152,0.2303,0.197,0.2929
32,0.0076,0.1322,0.1073,0.1455,0.1836,0.1402,0.3794,0.4409,0.372,0.1377,0.1792,0.1957,0.1087,0.2407,0.1647,0.3341,0.337,0.3522,0.1184,0.1417,0.1456,0.1151,0.1173,0.2155,0.1176,0.1428,0.1673,0.0896,0.1665,0.1009,0.0908,0.1172,0.058,0.0911,0.0088,0.0938,0,0.0467,0.1603,0.1582,0.2042,0.1566,0.0853,0.1363,0.0401,0.1186,0.1492,0.1096,0.1539,0.1392,0.2081,0.1416,0.2045,0.2531,0.3672,0.3577,0.366,0.3628,0.3245,0.3151,0.3959,0.398,0.4326,0.3583,0.3485,0.3169,0.2735,0.3149,0.3781,0.3714,0.1808,0.213,0.3089,0.3456,0.3858,0.3537,0.3297,0.4828,0.3487,0.4194,0.3318,0.3611,0.4005,0.3283,0.4225,0.343,0.3337,0.2941,0.288,0.2709,0.2971,0.2614,0.4225,0.2994,0.4538,0.2648,0.3285,0.3386,0.3323,0.358,0.2963,0.4449
36,0.0669,0.245,0.1988,0.3003,0.3093,0.2611,0.5398,0.6694,0.5678,0.241,0.3862,0.3575,0.194,0.4131,0.28,0.5563,0.5306,0.5323,0.2394,0.3381,0.3135,0.2732,0.2545,0.4489,0.2667,0.285,0.3078,0.1737,0.2989,0.1995,0.1817,0.2298,0.1362,0.1978,0.0801,0.1788,0.0449,0.1089,0.2795,0.2745,0.3508,0.2699,0.1595,0.2499,0.1005,0.2151,0.2744,0.2036,0.2651,0.246,0.3616,0.2556,0.3449,0.4231,0.5372,0.5212,0.5423,0.5415,0.4899,0.4713,0.5826,0.5786,0.6371,0.5394,0.4934,0.481,0.4288,0.497,0.5813,0.572,0.3013,0.3389,0.4657,0.5354,0.5629,0.5406,0.4963,0.648,0.5352,0.6147,0.4951,0.5355,0.5929,0.4805,0.6286,0.5129,0.4982,0.4554,0.4252,0.4028,0.4592,0.4094,0.6345,0.4519,0.6523,0.3971,0.4912,0.512,0.5027,0.5449,0.4513,0.657
40,0.1795,0.4184,0.3513,0.5303,0.5059,0.4503,0.8156,0.9938,0.8394,0.4023,0.5839,0.5946,0.3342,0.6557,0.4561,0.8402,0.804,0.8041,0.4419,0.5611,0.5051,0.52,0.4559,0.7476,0.5495,0.4986,0.5115,0.3044,0.5061,0.3567,0.3296,0.4039,0.2668,0.3758,0.2042,0.318,0.1713,0.2051,0.4731,0.4517,0.5655,0.444,0.2826,0.4327,0.2086,0.3707,0.4749,0.3561,0.4307,0.4167,0.6086,0.4061,0.5338,0.6673,0.7592,0.7554,0.7559,0.7907,0.7375,0.7069,0.8292,0.8123,0.9002,0.786,0.7108,0.6666,0.6357,0.7279,0.827,0.8678,0.4666,0.5254,0.7081,0.771,0.8102,0.7697,0.7139,0.9025,0.7652,0.8678,0.7115,0.7859,0.8407,0.6844,0.9075,0.7442,0.7245,0.6534,0.6215,0.5963,0.6786,0.5944,0.923,0.675,0.9401,0.5731,0.7065,0.7344,0.7232,0.7949,0.6583,0.9528
44,0.3657,0.6607,0.5597,0.8333,0.7695,0.7127,1.126,1.4172,1.154,0.6191,0.8875,0.8798,0.522,0.9728,0.6645,1.1564,1.0989,1.118,0.7323,0.9071,0.7626,0.8432,0.7402,1.293,0.8041,0.7691,0.7874,0.4877,0.7498,0.587,0.5369,0.6586,0.4755,0.6257,0.3928,0.5194,0.3681,0.3485,0.7482,0.701,0.8735,0.711,0.4698,0.6876,0.3781,0.5842,0.7304,0.572,0.6752,0.6521,0.9279,0.6238,0.7649,0.9851,1.0581,1.0178,1.0428,1.0625,0.9775,0.9544,1.158,1.1308,1.2304,1.0585,0.9745,0.9111,0.8991,0.9971,1.131,1.1452,0.6859,0.7345,0.962,1.0417,1.1112,1.0116,0.9896,1.1814,1.0262,1.1827,0.9773,1.0891,1.1446,0.9409,1.2365,1.0407,0.9886,0.9322,0.873,0.8608,0.9717,0.8081,1.2248,0.9252,1.2715,0.809,0.9913,1.0434,0.994,1.1028,0.9525,1.3015
48,0.6227,0.9926,0.8083,1.2072,1.0983,1.049,1.5675,1.775,1.5046,0.899,1.2622,1.2234,0.7484,1.3963,0.945,1.552,1.484,1.5058,0.9825,1.3366,1.0902,1.243,1.1072,1.717,1.2441,1.1261,1.1355,0.7285,1.0753,0.8846,0.8141,0.9477,0.7208,0.975,0.6484,0.7906,0.6455,0.5466,1.1312,1.0167,1.2144,1.0113,0.7208,1.0176,0.6107,0.8605,1.0253,0.8494,0.9736,0.977,1.3092,0.9038,1.0674,1.3779,1.3727,1.357,1.3654,1.4132,1.3022,1.249,1.5082,1.4726,1.6237,1.403,1.2696,1.2186,1.2668,1.3442,1.4657,1.52,0.9763,1.0033,1.2626,1.4321,1.472,1.3347,1.3168,1.5482,1.4002,1.5866,1.3039,1.4354,1.5039,1.2474,1.6006,1.412,1.2771,1.2476,1.2011,1.1695,1.3036,1.0814,1.6538,1.245,1.6362,1.0747,1.313,1.3269,1.3121,1.474,1.243,1.7015
52,0.9546,1.358,1.1379,1.6725,1.4933,1.4738,1.9594,2.2438,1.9191,1.2495,1.7243,1.6155,1.0696,1.8511,1.2814,2.029,1.9027,1.8961,1.3544,1.8527,1.5525,1.7515,1.5808,2.3181,1.6578,1.5485,1.5882,1.0324,1.4861,1.2676,1.1679,1.3264,1.0418,1.359,0.9914,1.1356,1.0522,0.8217,1.5486,1.4087,1.6461,1.4066,1.0448,1.4362,0.9255,1.2278,1.4015,1.1901,1.3447,1.3377,1.8471,1.2724,1.4288,1.8488,1.7743,1.7685,1.7746,1.8359,1.6855,1.651,1.963,1.9121,2.1001,1.8433,1.6694,1.5597,1.6122,1.7599,1.8938,1.9944,1.3088,1.3201,1.6662,1.7926,1.8959,1.8198,1.7061,2.0006,1.7391,1.9794,1.6939,1.911,1.9328,1.6194,2.0584,1.8565,1.6345,1.5918,1.5443,1.5162,1.6694,1.4046,2.0367,1.6524,2.1254,1.3881,1.6957,1.7289,1.7091,1.917,1.6052,2.2146
56,1.3631,1.8252,1.5292,2.1426,1.9489,1.9828,2.5332,2.8444,2.3824,1.6659,2.324,2.0385,1.41,2.4153,1.6716,2.5371,2.3396,2.3292,1.8403,2.4385,1.9198,2.3062,1.9678,2.9348,2.1947,1.9714,2.086,1.3981,1.903,1.7313,1.5944,1.7796,1.4563,1.8515,1.3569,1.5566,1.4422,1.1148,2.0702,1.8728,2.1492,1.9029,1.4428,1.9413,1.2764,1.6412,1.8064,1.6176,1.7529,1.7963,2.3997,1.6548,1.8439,2.4282,2.2683,2.2856,2.2533,2.3379,2.1626,2.0704,2.4934,2.4311,2.7291,2.2906,2.0835,1.9239,2.0686,2.2411,2.4182,2.4683,1.6802,1.7192,2.1107,2.259,2.3508,2.1508,2.1585,2.5918,2.1808,2.5396,2.1886,2.4064,2.4258,2.0833,2.6273,2.4241,2.0693,2.0675,1.9686,1.9558,2.115,1.7695,2.555,2.0733,2.6231,1.7183,2.1066,2.1315,2.1431,2.4216,2.019,2.8117
60,1.8541,2.4027,2.0079,2.7003,2.5019,2.5785,3.0657,3.5148,2.8982,2.143,2.7814,2.6391,1.8308,3.1056,2.1107,3.0488,2.9153,2.8937,2.1931,3.1551,2.4705,3.0325,2.4899,3.646,2.7866,2.5564,2.613,1.8511,2.4286,2.3018,2.0885,2.3394,1.8788,2.4218,1.8138,2.0396,1.9629,1.5483,2.7432,2.4778,2.7213,2.435,1.9351,2.6903,1.7093,2.1152,2.2977,2.0794,2.2519,2.3235,3.0646,2.1473,2.3063,2.9985,2.7632,2.8868,2.8361,2.9523,2.64,2.582,3.1885,3.0264,3.2875,2.8978,2.5903,2.3601,2.5922,2.8703,2.9436,3.0702,2.1717,2.1202,2.5842,2.8152,2.9308,2.6369,2.7054,3.1023,2.7467,3.185,2.7224,3.0081,3.05,2.5507,3.2347,3.0015,2.5335,2.4801,2.5134,2.4926,2.6129,2.2931,3.0902,2.6468,3.3704,2.1138,2.6042,2.6116,2.5995,3.0654,2.4514,3.437
64,2.4621,3.034,2.5204,3.3449,3.0876,3.2983,3.6348,4.2191,3.4487,2.7518,3.3768,3.0858,2.3669,3.8638,2.6291,3.6313,3.4297,3.3986,2.6775,3.7361,2.9319,3.5201,3.1343,4.3399,3.5718,2.9503,3.3023,2.2914,2.9391,2.8637,2.6352,2.8856,2.3868,3.1334,2.3385,2.5849,2.6746,1.8774,3.4681,3.0066,3.478,2.9877,2.4567,3.3522,2.2084,2.6455,2.8387,2.5554,2.8801,2.9618,3.8996,2.6635,2.8585,3.8115,3.4976,3.4388,3.4883,3.597,3.1974,3.1448,3.8166,3.6448,3.9864,3.4579,3.2293,2.9081,3.2473,3.4883,3.595,3.6534,2.6975,2.5991,3.1435,3.3953,3.5327,3.2138,3.2388,3.6813,3.27,3.8178,3.2756,3.7192,3.5815,3.1384,3.8557,3.6771,3.0075,2.9649,3.0121,3.1723,3.1969,2.6367,3.7339,3.1687,3.901,2.5482,3.1534,3.2145,3.2368,3.6919,2.9573,4.2252
68,3.0687,3.5769,3.0479,4.0152,3.8085,4.184,4.3633,4.8616,4.1516,3.3021,4.0497,3.7043,2.8286,4.6322,3.1277,4.3017,4.0336,4.0315,3.1418,4.3707,3.5816,4.2266,3.7575,4.8929,4.115,3.6556,4.0086,2.8108,3.5847,3.6147,3.2271,3.6039,2.9417,3.8277,2.9244,3.1793,3.2781,2.3277,4.0596,3.74,4.1608,3.5772,3.0257,3.9932,2.7943,3.2728,3.4981,3.2048,3.4712,3.7189,4.5635,3.177,3.3789,4.4337,4.0079,4.2889,4.1693,4.3324,3.8761,3.7951,4.5912,4.5229,4.8941,4.0643,3.7839,3.4125,3.9247,4.1036,4.3376,4.3268,3.2428,3.1233,3.7953,4.0495,4.2473,3.8419,3.9428,4.4213,3.8446,4.6427,3.9241,4.5407,4.3824,3.7092,4.5636,4.4838,3.6409,3.5935,3.5392,3.6404,3.8826,3.1675,4.2853,3.8042,4.6087,3.0818,3.7558,3.7631,3.7127,4.4233,3.502,4.9778
72,3.9257,4.3141,3.7226,4.6928,4.3317,4.8609,5.0338,5.4479,4.802,3.9949,4.7355,4.4278,3.404,5.1965,3.8314,4.9566,4.6626,4.5167,3.6939,4.8975,4.1596,4.8605,4.2915,5.282,4.7519,4.2027,4.577,3.4931,4.2189,4.2267,3.9603,4.1928,3.6783,4.502,3.5581,3.7982,3.9768,2.8138,4.6251,4.4697,4.7038,4.2914,3.7146,4.4862,3.4742,3.8499,4.153,3.7942,4.1163,4.2655,4.9988,3.728,4.0602,4.9535,4.7413,4.9477,4.788,5.0917,4.5229,4.3813,5.2438,5.1905,5.547,4.8954,4.5344,3.9545,4.4844,4.8129,5.0191,5.153,4.0241,3.6949,4.4201,4.753,4.8466,4.5212,4.6551,5.0866,4.6298,5.2059,4.7401,5.1567,4.9967,4.4372,5.4596,5.2709,4.2069,4.1549,4.173,4.4286,4.4189,3.6977,4.7468,4.4733,5.2982,3.5848,4.4847,4.4625,4.3624,5.0063,4.1532,5.465
76,4.5558,4.7988,4.3435,5.1834,5.0931,5.3735,5.7538,5.9636,5.3774,4.584,5.3657,5.0459,4.163,5.6082,4.36,5.4545,5.1351,5.022,4.2831,5.3356,4.658,5.3009,4.8222,5.6197,5.2247,4.8218,5.0255,4.0274,4.6905,4.704,4.4686,4.7692,4.2053,5.0591,4.331,4.5373,4.5418,3.3678,5.1253,5.0437,5.2477,4.9301,4.2263,4.8175,4.0011,4.2907,4.6351,4.288,4.6142,4.6414,5.2934,4.3771,4.6316,5.35,5.2564,5.4656,5.3621,5.6958,5.1255,5.0593,5.8479,5.7424,6.0732,5.4844,5.28,4.5587,4.9268,5.3165,5.4908,5.6636,4.6252,4.3865,5.2802,5.2677,5.3862,5.0342,5.2126,5.7522,5.2004,5.7565,5.3888,5.6533,5.5289,5.1506,6.0092,5.8621,4.967,4.8504,4.7384,5.0807,4.948,4.2848,5.2454,5.0069,5.7698,4.1589,5.2208,5.1128,5.0767,5.4807,4.8091,5.8213
80,5.0724,5.1949,4.9088,5.5826,5.5477,5.7476,6.2418,6.328,5.8576,5.1144,5.8435,5.5846,4.7401,5.9085,4.7884,5.8171,5.5904,5.6046,4.8021,5.7136,5.0862,5.6053,5.2219,5.8262,5.5762,5.3223,5.3746,4.4743,5.0511,5.0841,4.9072,5.2264,4.8174,5.5055,4.9511,5.0494,4.9909,3.9248,5.4844,5.4686,5.6459,5.3742,4.6442,5.0584,4.4397,4.7169,4.9932,4.7567,5.0239,4.9258,5.493,4.8156,5.0906,5.6195,5.6531,5.8518,5.811,6.179,5.6089,5.6155,6.3202,6.1626,6.4835,5.9461,5.8246,5.3322,5.2491,5.6887,5.8115,5.9786,5.1057,5.0736,5.7744,5.6224,5.7676,5.5268,5.6362,6.1845,5.66,6.1933,5.8393,6.0365,5.9727,5.6444,6.3651,6.2835,5.5291,5.302,5.1272,5.513,5.4024,4.7621,5.6158,5.4356,6.0451,4.6577,5.7232,5.6082,5.5458,5.8334,5.3521,6.0793
84,5.4893,5.5108,5.3779,5.8901,5.8806,5.9925,6.5435,6.6177,6.2559,5.4815,6.181,5.9866,5.2064,6.1132,5.1349,6.1183,5.9873,5.9818,5.2058,6.0268,5.4307,5.8605,5.5102,5.9608,5.8823,5.6864,5.6298,4.8716,5.2934,5.3561,5.2529,5.5702,5.31,5.8212,5.4316,5.4626,5.3523,4.4903,5.7042,5.741,5.8776,5.6892,4.9609,5.2328,4.804,5.0522,5.2406,5.1422,5.3503,5.1427,5.6354,5.1647,5.4389,5.7612,5.9565,6.1644,6.1661,6.521,5.9956,6.0363,6.6602,6.4713,6.7524,6.2784,6.2193,5.8604,5.5363,5.9349,6.0096,6.1353,5.4925,5.5348,6.0767,5.8478,6.0181,5.8782,5.9558,6.4513,5.9954,6.4963,6.1596,6.3321,6.2775,5.9875,6.5971,6.5514,5.943,5.6047,5.4394,5.7738,5.6933,5.1202,5.8691,5.7699,6.1671,5.0571,6.0183,5.968,5.8722,6.0506,5.7831,6.2426
88,5.7891,5.7413,5.7472,6.1172,6.0688,6.1402,6.7209,6.8425,6.5451,5.7338,6.3771,6.2892,5.5585,6.2479,5.4112,6.2921,6.2667,6.2408,5.5008,6.2468,5.6574,6.0226,5.6871,6.0323,6.0437,5.957,5.8014,5.1698,5.4456,5.5364,5.5586,5.801,5.6527,6.0202,5.7994,5.7481,5.6172,4.9103,5.8079,5.9106,5.9871,5.8853,5.1823,5.3572,5.0663,5.2927,5.3833,5.4035,5.5907,5.2979,5.734,5.4202,5.6791,5.8417,6.1738,6.3999,6.4037,6.7203,6.2709,6.3512,6.8693,6.6754,6.9132,6.4877,6.5576,6.2681,5.7398,6.0803,6.1488,6.2207,5.7846,5.839,6.2573,6.0322,6.1796,6.1172,6.1848,6.6099,6.2674,6.6642,6.3753,6.5437,6.5119,6.239,6.7373,6.7004,6.2259,5.7819,5.6842,5.9017,5.8927,5.386,6.025,6.0174,6.2285,5.4084,6.1961,6.2052,6.1108,6.1751,6.0839,6.3292
92,5.9586,5.9039,5.979,6.2727,6.1644,6.2338,6.8499,7.0045,6.7589,5.9069,6.4695,6.5014,5.8084,6.3367,5.6073,6.3911,6.4483,6.4404,5.6823,6.4023,5.7741,6.1252,5.7786,6.0762,6.1765,6.2002,5.9122,5.3978,5.5401,5.6465,5.7562,5.9384,5.8607,6.1416,6.043,5.949,5.7886,5.231,5.874,6.022,6.0501,6.001,5.3304,5.4381,5.2382,5.4527,5.5091,5.5643,5.7411,5.4111,5.7999,5.617,5.8258,5.8926,6.3471,6.5655,6.5751,6.8218,6.4577,6.5547,6.9887,6.792,7.0068,6.608,6.7929,6.5647,5.8879,6.1632,6.2234,6.2707,5.9935,6.0217,6.3447,6.1622,6.2819,6.307,6.3481,6.7233,6.4531,6.7554,6.5243,6.6924,6.6555,6.4111,6.8123,6.7957,6.4066,5.8787,5.8533,5.9678,6.0228,5.5929,6.1264,6.191,6.2705,5.6952,6.324,6.3621,6.2808,6.2442,6.254,6.3816
96,6.0486,6.0171,6.0977,6.3704,6.2182,6.2904,6.9598,7.1246,6.8631,6.0323,6.5462,6.6369,5.9781,6.3969,5.7758,6.4536,6.5519,6.5646,5.7944,6.5122,5.8465,6.1999,5.836,6.1177,6.2505,6.3448,5.9794,5.5643,5.5976,5.7301,5.8826,6.0382,5.9812,6.2219,6.1846,6.0729,5.8869,5.5166,5.9119,6.0967,6.0919,6.0763,5.419,5.4816,5.3467,5.5615,5.5796,5.6647,5.8305,5.4978,5.8415,5.7362,5.9178,5.9309,6.4728,6.6705,6.681,6.8798,6.6,6.6745,7.0631,6.8539,7.0607,6.7177,6.9674,6.7817,5.9963,6.23,6.2588,6.3059,6.1394,6.1335,6.3952,6.2536,6.3479,6.4291,6.466,6.7955,6.5721,6.8096,6.6191,6.7983,6.7313,6.5302,6.8631,6.8452,6.5054,5.931,5.9558,6.0101,6.1083,5.7373,6.1946,6.3047,6.3,5.8933,6.407,6.4632,6.4042,6.2838,6.3389,6.413
100,6.102,6.096,6.1657,6.4455,6.2585,6.3298,7.0315,7.2122,6.956,6.1231,6.5813,6.7169,6.1193,6.4333,5.8907,6.4914,6.6136,6.6458,5.8399,6.5732,5.8912,6.2612,5.8747,6.1342,6.2914,6.4576,6.012,5.6743,5.6383,5.7791,5.9659,6.1013,6.0561,6.2717,6.2689,6.1455,5.9423,5.6982,5.9435,6.1564,6.13,6.1273,5.4685,5.5107,5.4179,5.6349,5.6263,5.7244,5.882,5.5593,5.8691,5.8181,5.9732,5.959,6.5578,6.7499,6.7515,6.9163,6.7035,6.7428,7.1132,6.8968,7.0959,6.7858,7.0918,6.9342,6.0741,6.2692,6.2931,6.3318,6.2346,6.2076,6.4342,6.3298,6.3985,6.5083,6.5642,6.8392,6.6758,6.8496,6.6874,6.8684,6.7768,6.6067,6.8952,6.8784,6.5954,5.9664,6.0122,6.0431,6.1718,5.8828,6.245,6.3784,6.3173,6.0334,6.4696,6.5278,6.4879,6.3123,6.3886,6.4378
104,6.1344,6.1488,6.2043,6.4983,6.291,6.3532,7.0841,7.2785,7.028,6.1857,6.6164,6.7729,6.2182,6.4598,5.9751,6.5166,6.657,6.7112,5.8981,6.6216,5.9112,6.3042,5.8965,6.1577,6.3196,6.5301,6.0476,5.7489,5.6681,5.8095,6.0131,6.1435,6.0976,6.304,6.3211,6.2068,5.9801,5.8145,5.965,6.1948,6.1502,6.1693,5.5032,5.535,5.4665,5.6786,5.6525,5.7638,5.9179,5.6075,5.8862,5.8704,6.0129,5.9734,6.6454,6.8063,6.7939,6.9428,6.7665,6.7922,7.1446,6.925,7.1208,6.8305,7.1966,7.061,6.1346,6.2893,6.3167,6.3501,6.2973,6.2594,6.4613,6.3769,6.428,6.5696,6.644,6.8649,6.7223,6.8771,6.7461,6.937,6.8068,6.653,6.9166,6.8995,6.6524,5.994,6.0467,6.067,6.219,5.9835,6.2757,6.4282,6.3364,6.1237,6.5114,6.5778,6.5446,6.3288,6.4249,6.4572
108,6.1638,6.1898,6.237,6.5312,6.3148,6.3773,7.114,7.3261,7.0821,6.2364,6.6323,6.8063,6.2842,6.4812,6.0334,6.5348,6.6829,6.7557,5.9271,6.6654,5.9357,6.3312,5.9126,6.1636,6.3315,6.5925,6.073,5.7987,5.6945,5.8309,6.0569,6.1752,6.131,6.3266,6.3652,6.2403,6.0131,5.8867,5.9796,6.216,6.1681,6.2027,5.5277,5.5511,5.4967,5.7103,5.6813,5.7982,5.9442,5.6406,5.9015,5.9005,6.0381,5.9904,6.6982,6.8404,6.8259,6.9586,6.8013,6.8217,7.1689,6.9451,7.1391,6.8635,7.2786,7.1473,6.1851,6.3125,6.3297,6.3677,6.3315,6.2918,6.4806,6.4064,6.4462,6.615,6.6937,6.8871,6.7635,6.8967,6.7828,6.9787,6.8301,6.6888,6.9355,6.9171,6.6841,6.0172,6.072,6.0852,6.2444,6.0551,6.2993,6.4623,6.3478,6.1924,6.537,6.6182,6.5846,6.3481,6.4503,6.4733
112,6.1864,6.219,6.2655,6.5548,6.3287,6.3934,7.1565,7.3578,7.1146,6.269,6.6508,6.8402,6.3513,6.4967,6.0678,6.5487,6.7002,6.7971,5.9457,6.7028,5.9495,6.3585,5.9307,6.1721,6.3515,6.6325,6.0877,5.8273,5.7111,5.8473,6.0831,6.196,6.1562,6.3456,6.4009,6.2638,6.03,5.9424,5.9944,6.2401,6.1825,6.2271,5.5515,5.5613,5.5211,5.7315,5.6982,5.8194,5.9637,5.6674,5.9178,5.9237,6.0647,6.003,6.7498,6.8633,6.8482,6.9788,6.8255,6.8418,7.1864,6.963,7.1524,6.8852,7.3305,7.2158,6.2291,6.3285,6.3474,6.3804,6.3616,6.32,6.4972,6.4288,6.4651,6.6447,6.7405,6.901,6.7903,6.9118,6.8087,7.0123,6.8502,6.7112,6.9519,6.9318,6.7188,6.0358,6.0903,6.1024,6.27,6.1097,6.3169,6.4896,6.361,6.2365,6.5598,6.6428,6.6179,6.3636,6.472,6.4846
116,6.2005,6.2378,6.2855,6.5759,6.3506,6.4046,7.184,7.3956,7.1435,6.2909,6.6693,6.8613,6.3926,6.5077,6.106,6.5619,6.7192,6.8331,5.9683,6.7333,5.9655,6.3782,5.9359,6.1779,6.361,6.6673,6.1025,5.8527,5.7262,5.8609,6.0991,6.2165,6.177,6.3601,6.4236,6.2811,6.0513,5.9766,6.0105,6.2574,6.1946,6.2488,5.5668,5.5763,5.5404,5.7453,5.7133,5.8364,5.9843,5.6822,5.9274,5.9447,6.0798,6.0121,6.7846,6.8793,6.8648,6.9915,6.846,6.8609,7.2005,6.9764,7.1654,6.904,7.3626,7.2682,6.257,6.3395,6.3575,6.3932,6.3812,6.3449,6.5153,6.4502,6.4768,6.6667,6.7647,6.9157,6.8097,6.9253,6.8264,7.033,6.8631,6.7319,6.9632,6.9428,6.745,6.0497,6.1035,6.1153,6.2857,6.1557,6.3323,6.5052,6.3715,6.2652,6.5791,6.67,6.6431,6.3753,6.4875,6.4917
120,6.2167,6.2531,6.3013,6.588,6.3624,6.4174,7.1992,7.4167,7.1544,6.3125,6.6785,6.8742,6.4246,6.5187,6.1251,6.5691,6.733,6.8655,5.9795,6.7433,5.9675,6.4022,5.9414,6.1824,6.3735,6.6989,6.1158,5.8745,5.74,5.875,6.1186,6.2279,6.1923,6.3727,6.4392,6.2989,6.0649,6.006,6.0211,6.2713,6.2051,6.2623,5.5795,5.5835,5.5541,5.7635,5.7245,5.8534,5.9958,5.6985,5.9365,5.9593,6.0957,6.0202,6.8083,6.8947,6.879,7.0015,6.8603,6.8779,7.211,6.9865,7.1761,6.9186,7.3854,7.3172,6.275,6.3512,6.371,6.4066,6.3976,6.3601,6.5287,6.4653,6.489,6.6876,6.7848,6.9264,6.8255,6.9357,6.8407,7.0512,6.8789,6.7465,6.9725,6.9514,6.7617,6.0636,6.1141,6.1278,6.3007,6.1931,6.345,6.5192,6.3782,6.2886,6.5913,6.6881,6.6597,6.3842,6.504,6.5027
124,6.2301,6.2652,6.3143,6.6,6.375,6.4261,7.2112,7.4431,7.1743,6.329,6.6907,6.8866,6.4495,6.528,6.1476,6.5773,6.7442,6.8974,5.9958,6.7589,5.9836,6.4065,5.9529,6.1856,6.3816,6.7286,6.1258,5.887,5.7529,5.885,6.1334,6.2404,6.2078,6.382,6.4529,6.3113,6.0749,6.0268,6.031,6.2822,6.2151,6.2741,5.5888,5.5923,5.5673,5.7788,5.7376,5.8654,6.0067,5.7097,5.946,5.9755,6.1071,6.0267,6.825,6.9061,6.89,7.0153,6.8745,6.8929,7.2222,6.9967,7.1862,6.9325,7.4055,7.3546,6.2898,6.36,6.3799,6.417,6.4117,6.3745,6.5404,6.4768,6.5025,6.7019,6.8022,6.9353,6.8408,6.9447,6.8533,7.0688,6.8894,6.759,6.9817,6.9611,6.7773,6.0738,6.1257,6.1378,6.3132,6.2189,6.3594,6.5321,6.3889,6.3099,6.6026,6.7007,6.676,6.395,6.5159,6.5118
128,6.2392,6.2762,6.326,6.6112,6.385,6.436,7.2205,7.4569,7.1944,6.3406,6.6983,6.9004,6.4713,6.5386,6.1642,6.5816,6.7532,6.912,6.0071,6.7693,5.9912,6.4155,5.9544,6.192,6.3837,6.745,6.1328,5.9028,5.7622,5.8939,6.1466,6.2517,6.22,6.3925,6.4665,6.3252,6.082,6.0454,6.0413,6.2945,6.225,6.2873,5.5989,5.6006,5.5785,5.791,5.7467,5.8741,6.0163,5.7189,5.9545,5.9869,6.119,6.0354,6.8381,6.9147,6.8999,7.0215,6.8879,6.9043,7.2307,7.0073,7.1934,6.9426,7.4188,7.3882,6.3019,6.3674,6.3869,6.4247,6.4243,6.3887,6.5505,6.4894,6.5125,6.716,6.8137,6.9446,6.8521,6.9521,6.8651,7.0777,6.8998,6.7708,6.991,6.9672,6.7901,6.0859,6.1337,6.1453,6.3218,6.2373,6.3678,6.5422,6.3963,6.3265,6.6143,6.7144,6.6889,6.4031,6.5268,6.5211
132,6.2474,6.2848,6.3373,6.6154,6.3972,6.4436,7.2299,7.4698,7.2002,6.3529,6.7081,6.9137,6.4833,6.5451,6.1799,6.5863,6.7605,6.9298,6.008,6.7803,5.9961,6.4212,5.9594,6.1966,6.3914,6.757,6.143,5.9136,5.7734,5.9009,6.1555,6.2612,6.2295,6.3999,6.4758,6.3344,6.0874,6.0658,6.0504,6.3046,6.233,6.2963,5.608,5.6083,5.5874,5.7997,5.7551,5.8861,6.0257,5.7293,5.9603,5.9995,6.1302,6.0443,6.8525,6.9239,6.9076,7.0288,6.9007,6.9149,7.2382,7.014,7.2016,6.9527,7.4305,7.418,6.3129,6.3747,6.3951,6.4348,6.4347,6.3995,6.5591,6.498,6.5202,6.7276,6.8259,6.9519,6.8604,6.9588,6.8727,7.0862,6.9076,6.7796,6.9983,6.975,6.8006,6.0968,6.1418,6.1534,6.3327,6.2561,6.3779,6.5529,6.4048,6.3441,6.6224,6.726,6.6991,6.4101,6.5395,6.5288
136,6.2575,6.2929,6.3462,6.6229,6.406,6.4508,7.2381,7.4787,7.2154,6.3625,6.722,6.9219,6.498,6.5539,6.1938,6.59,6.7646,6.9411,6.0236,6.7834,6.0008,6.4293,5.9667,6.2013,6.3997,6.7725,6.1496,5.923,5.7825,5.9066,6.1636,6.2692,6.2385,6.4057,6.4841,6.3411,6.0916,6.0791,6.0574,6.3122,6.2446,6.3042,5.6146,5.6154,5.5947,5.8088,5.7638,5.8939,6.033,5.7383,5.9681,6.0086,6.1399,6.0506,6.8645,6.9321,6.9165,7.0356,6.9108,6.9224,7.2451,7.0206,7.2071,6.9612,7.4395,7.4357,6.3209,6.3814,6.4012,6.4413,6.4439,6.407,6.5673,6.5108,6.5295,6.7365,6.835,6.9605,6.871,6.966,6.8807,7.0934,6.9139,6.7865,7.005,6.9788,6.8087,6.1041,6.1479,6.1615,6.3418,6.27,6.3854,6.5597,6.4119,6.3585,6.6335,6.7363,6.7089,6.4168,6.5499,6.5343
140,6.2629,6.2982,6.3537,6.6315,6.4133,6.4576,7.2413,7.4854,7.2139,6.3703,6.7273,6.9261,6.5096,6.5601,6.2053,6.598,6.7709,6.9541,6.0267,6.7876,6.0074,6.4338,5.9696,6.1976,6.4068,6.7806,6.1548,5.9328,5.7897,5.9118,6.172,6.2745,6.2464,6.4125,6.492,6.3493,6.0979,6.0883,6.0634,6.3191,6.2556,6.3106,5.6219,5.6208,5.6031,5.8146,5.7712,5.9021,6.0387,5.7427,5.9733,6.0177,6.1471,6.0588,6.873,6.9387,6.9232,7.0415,6.9203,6.9291,7.252,7.0261,7.214,6.9692,7.4462,7.45,6.3282,6.3863,6.4084,6.4476,6.4508,6.4158,6.5749,6.5177,6.5358,6.7452,6.8437,6.9675,6.8771,6.973,6.8868,7.0995,6.9195,6.7926,7.0106,6.9819,6.8163,6.1135,6.1529,6.1659,6.3468,6.2824,6.3942,6.5669,6.4209,6.3719,6.6395,6.7436,6.7179,6.4236,6.5579,6.5415
144,6.2678,6.3045,6.3595,6.6346,6.4209,6.4616,7.2477,7.4893,7.2222,6.3783,6.7295,6.9346,6.5195,6.5667,6.2144,6.6007,6.7766,6.9612,6.0392,6.7915,6.0138,6.4404,5.9741,6.2017,6.4079,6.7862,6.1609,5.9404,5.7982,5.9172,6.178,6.2831,6.255,6.4177,6.4985,6.3558,6.1009,6.0981,6.0679,6.3271,6.2635,6.3173,5.6283,5.6266,5.6074,5.8221,5.779,5.9079,6.0469,5.7505,5.9767,6.0255,6.154,6.0676,6.8814,6.9447,6.9293,7.0478,6.9315,6.9351,7.2567,7.0331,7.2169,6.9762,7.4531,7.4626,6.3338,6.3918,6.4133,6.454,6.4582,6.4213,6.5813,6.5262,6.5419,6.755,6.8502,6.9725,6.8842,6.9778,6.8933,7.1057,6.9254,6.7993,7.0177,6.984,6.8258,6.1197,6.1566,6.1719,6.3537,6.2913,6.4008,6.5726,6.4275,6.3816,6.645,6.7498,6.7257,6.4292,6.5652,6.5452
148,6.273,6.3088,6.3669,6.6387,6.4273,6.4666,7.2529,7.4939,7.2306,6.3847,6.7329,6.9381,6.5267,6.5713,6.223,6.6054,6.7828,6.9662,6.0461,6.791,6.0132,6.4415,5.9786,6.2082,6.4062,6.7945,6.1659,5.9478,5.8035,5.9217,6.1835,6.2871,6.2596,6.4214,6.504,6.3603,6.1053,6.1073,6.0707,6.3347,6.271,6.3236,5.6323,5.6312,5.6125,5.8284,5.7845,5.9132,6.0514,5.7558,5.9845,6.0335,6.1627,6.0734,6.8897,6.9502,6.9349,7.0527,6.9385,6.9413,7.2607,7.0382,7.2211,6.9831,7.4602,7.4728,6.3408,6.3947,6.4185,6.4591,6.4629,6.4268,6.5865,6.5325,6.5475,6.7615,6.857,6.9772,6.8889,6.9814,6.8985,7.1089,6.9298,6.8043,7.021,6.9889,6.8316,6.1247,6.1592,6.1739,6.3589,6.3,6.4057,6.579,6.433,6.3927,6.6516,6.7573,6.7327,6.4353,6.5738,6.5505
152,6.2769,6.3127,6.3722,6.6428,6.432,6.4698,7.2575,7.4991,7.2332,6.391,6.7401,6.9462,6.5338,6.5769,6.2318,6.606,6.7867,6.9713,6.0445,6.7918,6.0147,6.4471,5.9812,6.2097,6.412,6.7986,6.1703,5.9548,5.8109,5.927,6.189,6.2919,6.267,6.4253,6.509,6.366,6.109,6.1145,6.0742,6.3403,6.2784,6.3286,5.6374,5.6356,5.6178,5.8333,5.7918,5.9176,6.0567,5.7601,5.9883,6.04,6.1697,6.0785,6.8965,6.9559,6.9405,7.0581,6.9458,6.9459,7.2642,7.0451,7.2266,6.9889,7.4682,7.482,6.3449,6.397,6.4229,6.4631,6.4686,6.4327,6.5919,6.5386,6.5547,6.7675,6.8634,6.9814,6.8931,6.987,6.9026,7.1128,6.9344,6.8107,7.0262,6.9911,6.8406,6.1291,6.1624,6.1805,6.3639,6.3072,6.4101,6.584,6.4349,6.3994,6.6573,6.7629,6.7399,6.4408,6.5785,6.5547
156,6.2801,6.3153,6.3749,6.6494,6.4382,6.4755,7.2576,7.5025,7.2366,6.3953,6.7433,6.9504,6.542,6.5815,6.2405,6.6104,6.7909,6.9784,6.0508,6.798,6.0232,6.4498,5.9842,6.2094,6.4143,6.802,6.1749,5.9608,5.8167,5.9298,6.1958,6.2958,6.2705,6.4289,6.5133,6.3713,6.1143,6.1206,6.0761,6.3452,6.2853,6.3345,5.6422,5.6402,5.6225,5.84,5.7963,5.9221,6.0628,5.7688,5.9923,6.0453,6.175,6.0838,6.9039,6.9609,6.9448,7.062,6.9498,6.951,7.2692,7.0496,7.231,6.9939,7.4731,7.4892,6.3485,6.4009,6.427,6.4684,6.4725,6.4367,6.5965,6.5459,6.5606,6.7748,6.8685,6.9839,6.8985,6.9906,6.9073,7.1163,6.9385,6.8148,7.0293,6.9957,6.8456,6.1333,6.1642,6.1846,6.3698,6.3126,6.4165,6.5895,6.4394,6.4078,6.6635,6.7698,6.7461,6.4449,6.5863,6.5598
160,6.283,6.3172,6.3796,6.6507,6.4435,6.4793,7.2613,7.5068,7.2395,6.4003,6.7478,6.9571,6.5476,6.5866,6.2464,6.6146,6.7945,6.9864,6.0543,6.8,6.0261,6.454,5.9871,6.2101,6.416,6.812,6.1788,5.9653,5.8216,5.933,6.1998,6.3012,6.2766,6.4313,6.5172,6.3754,6.1196,6.1273,6.0814,6.3513,6.2888,6.3381,5.6459,5.6448,5.6246,5.8435,5.8015,5.926,6.0656,5.7713,5.9961,6.0499,6.1811,6.0886,6.91,6.9641,6.9485,7.0661,6.954,6.956,7.2735,7.0532,7.2336,6.9999,7.4785,7.4981,6.3515,6.4045,6.432,6.4732,6.4765,6.4404,6.6015,6.5503,6.5636,6.7807,6.8741,6.9883,6.9037,6.995,6.9119,7.12,6.9441,6.8202,7.0342,6.9973,6.8515,6.1374,6.1686,6.1878,6.3743,6.3183,6.4231,6.5929,6.4417,6.4111,6.6681,6.7757,6.7519,6.449,6.5914,6.5626
164,6.2847,6.3202,6.384,6.6553,6.4491,6.4839,7.2645,7.5104,7.2447,6.405,6.7518,6.9601,6.5513,6.5896,6.254,6.6161,6.7971,6.9887,6.0576,6.8025,6.0233,6.4537,5.9899,6.2107,6.4153,6.8099,6.1827,5.9704,5.8276,5.9364,6.2034,6.3055,6.2804,6.4355,6.5204,6.3793,6.1234,6.1322,6.0857,6.356,6.2936,6.3427,5.6494,5.6487,5.626,5.8492,5.8068,5.9295,6.071,5.7761,5.9998,6.0539,6.1855,6.0921,6.914,6.9691,6.9527,7.0681,6.956,6.9596,7.2774,7.057,7.2373,7.0042,7.4839,7.5048,6.3544,6.4084,6.4363,6.4775,6.4792,6.4436,6.6078,6.5566,6.5688,6.7862,6.8789,6.9944,6.9087,6.9987,6.9156,7.1245,6.9467,6.8244,7.0378,7.001,6.8577,6.1427,6.1702,6.1918,6.3778,6.3232,6.4263,6.5987,6.4432,6.415,6.6734,6.7811,6.7568,6.4531,6.5978,6.5674
168,6.2875,6.3229,6.3875,6.654,6.4529,6.4862,7.2693,7.512,7.2444,6.4083,6.7541,6.9629,6.5577,6.5939,6.2601,6.6182,6.7992,6.9911,6.061,6.8009,6.0314,6.4536,5.9902,6.2133,6.4178,6.8149,6.1862,5.9761,5.8328,5.9387,6.2084,6.3076,6.2856,6.4382,6.5223,6.3829,6.127,6.1369,6.0918,6.3576,6.2964,6.3475,5.6516,5.6512,5.6299,5.8528,5.812,5.9336,6.0757,5.7792,6.0036,6.0589,6.1916,6.0956,6.9188,6.9728,6.9582,7.0739,6.9593,6.9632,7.2795,7.0617,7.2415,7.0081,7.4876,7.5097,6.358,6.4099,6.4387,6.4826,6.4808,6.4462,6.6111,6.5616,6.5718,6.7919,6.884,6.9992,6.9132,7.0026,6.919,7.128,6.9505,6.8272,7.042,7.004,6.8613,6.1468,6.1707,6.1951,6.3813,6.3288,6.4303,6.6031,6.4469,6.4204,6.6759,6.7851,6.7621,6.4568,6.6026,6.5702
172,6.2886,6.3241,6.3929,6.6563,6.4574,6.4911,7.2709,7.5115,7.2502,6.4128,6.754,6.9686,6.5626,6.5981,6.2657,6.6173,6.8012,6.997,6.0669,6.8077,6.0353,6.4586,5.9931,6.2136,6.42,6.815,6.1901,5.9798,5.8365,5.9427,6.2113,6.3112,6.288,6.4396,6.5254,6.3848,6.1298,6.1404,6.0977,6.3617,6.2976,6.3509,5.656,5.6562,5.6304,5.8569,5.8159,5.9368,6.0795,5.7847,6.0056,6.0646,6.1971,6.0984,6.9239,6.977,6.9612,7.0756,6.9631,6.9677,7.2813,7.0669,7.2439,7.0119,7.4928,7.5162,6.3604,6.413,6.4441,6.4868,6.4837,6.4487,6.6149,6.5666,6.5762,6.7962,6.8874,7.0013,6.9175,7.0049,6.9228,7.1289,6.9544,6.8303,7.046,7.0074,6.8667,6.1504,6.1734,6.1978,6.3852,6.3335,6.4332,6.6067,6.449,6.4247,6.6794,6.7894,6.7663,6.4613,6.6079,6.5743
176,6.2911,6.3262,6.3972,6.6579,6.4626,6.4942,7.2721,7.5159,7.2552,6.4164,6.7613,6.9677,6.5663,6.602,6.2703,6.6217,6.8025,7.0003,6.0684,6.8096,6.0308,6.4571,5.9955,6.2181,6.4207,6.8178,6.1928,5.9838,5.8412,5.9446,6.2165,6.3142,6.2902,6.4424,6.5279,6.3881,6.1302,6.1467,6.102,6.3657,6.3004,6.3547,5.6584,5.6586,5.632,5.8606,5.8189,5.9408,6.083,5.788,6.0091,6.0696,6.202,6.1012,6.9291,6.9802,6.9635,7.0783,6.9641,6.9716,7.2843,7.0704,7.2459,7.0184,7.495,7.5223,6.3644,6.415,6.4473,6.4901,6.4849,6.4511,6.6175,6.5707,6.5802,6.8012,6.8922,7.0051,6.9207,7.0082,6.9257,7.1318,6.9573,6.8329,7.0496,7.0106,6.8703,6.1582,6.1757,6.2014,6.3883,6.3407,6.4373,6.6105,6.4518,6.4297,6.6835,6.794,6.7704,6.4652,6.6122,6.5785
180,6.2923,6.3275,6.399,6.6633,6.4661,6.4972,7.2718,7.516,7.2559,6.4193,6.7634,6.9727,6.5706,6.6049,6.2766,6.6234,6.8059,7.0009,6.0683,6.8073,6.0403,6.4532,5.9964,6.2159,6.4271,6.8225,6.1953,5.9881,5.8443,5.9478,6.2201,6.3173,6.2933,6.4443,6.5292,6.3914,6.1319,6.1496,6.1079,6.3696,6.304,6.3593,5.66,5.6634,5.6343,5.8645,5.8238,5.9428,6.086,5.7909,6.0112,6.0743,6.2068,6.1026,6.9331,6.9835,6.9674,7.0819,6.9686,6.9754,7.2873,7.0733,7.2494,7.0208,7.5006,7.5279,6.3658,6.4171,6.4504,6.493,6.4864,6.453,6.6184,6.5747,6.5852,6.8053,6.8959,7.0079,6.9257,7.0121,6.929,7.1348,6.9616,6.8362,7.0538,7.0118,6.8766,6.1625,6.1767,6.2037,6.3924,6.348,6.4409,6.6128,6.4544,6.4359,6.6879,6.798,6.7744,6.4672,6.6173,6.5791
184,6.2941,6.3287,6.4033,6.6649,6.4706,6.5013,7.2767,7.5179,7.258,6.4235,6.7663,6.9746,6.5754,6.6073,6.2813,6.6257,6.8071,7.0007,6.0719,6.811,6.0383,6.4578,5.9934,6.2145,6.4264,6.8235,6.1998,5.9925,5.8495,5.9503,6.2241,6.3209,6.2979,6.4472,6.5301,6.3932,6.1315,6.1525,6.1139,6.3732,6.3088,6.3634,5.6633,5.666,5.6376,5.8672,5.8267,5.9455,6.0884,5.7939,6.0141,6.0793,6.2113,6.106,6.937,6.9872,6.9713,7.0843,6.9734,6.9766,7.2917,7.077,7.2519,7.0225,7.5042,7.5337,6.3685,6.4195,6.4537,6.4973,6.487,6.4549,6.6237,6.5777,6.5866,6.8103,6.8994,7.0118,6.9284,7.0143,6.9315,7.1365,6.9648,6.8387,7.0568,7.0119,6.8801,6.1669,6.1788,6.2064,6.3965,6.3547,6.4444,6.6168,6.4577,6.4406,6.6921,6.8023,6.7785,6.4712,6.6194,6.5829
188,6.2951,6.3304,6.4058,6.6637,6.473,6.5052,7.2754,7.5182,7.255,6.4251,6.767,6.9747,6.5786,6.6113,6.2867,6.6269,6.8077,7.0005,6.0738,6.8095,6.0404,6.4601,5.9918,6.2118,6.4242,6.8207,6.2021,5.9967,5.8527,5.9526,6.2265,6.3231,6.3019,6.4478,6.5323,6.396,6.1297,6.1558,6.1166,6.3782,6.3123,6.3669,5.6664,5.6696,5.638,5.8724,5.8297,5.9484,6.0933,5.7971,6.0161,6.0836,6.2124,6.1105,6.9414,6.9911,6.9739,7.0872,6.9791,6.9808,7.294,7.0796,7.2543,7.0221,7.5068,7.5384,6.3708,6.4222,6.4564,6.4993,6.4877,6.4553,6.627,6.5815,6.5905,6.8137,6.9019,7.0109,6.9309,7.0166,6.934,7.1391,6.9659,6.842,7.0591,7.015,6.8838,6.1706,6.181,6.2082,6.4004,6.361,6.4477,6.6205,6.4642,6.448,6.6962,6.8057,6.7828,6.4733,6.6246,6.5815
192,6.2965,6.3324,6.4101,6.666,6.4778,6.5079,7.2801,7.5192,7.2594,6.4297,6.7694,6.9778,6.5821,6.6142,6.2905,6.6259,6.8095,7.0036,6.079,6.8098,6.0423,6.4599,5.9955,6.2093,6.4233,6.8244,6.2061,5.9991,5.8555,5.9559,6.2294,6.3266,6.3046,6.4497,6.5342,6.3976,6.1289,6.1585,6.1198,6.3824,6.3164,6.3692,5.6676,5.6733,5.6416,5.8749,5.8337,5.9524,6.0955,5.7999,6.0185,6.0859,6.2189,6.1136,6.9445,6.9924,6.9778,7.0895,6.9844,6.9836,7.2966,7.083,7.2576,7.0256,7.5091,7.5439,6.374,6.4233,6.4597,6.5042,6.4901,6.4569,6.6309,6.5856,6.5937,6.8178,6.9058,7.0155,6.9359,7.0197,6.9373,7.1418,6.9691,6.8447,7.0614,7.0165,6.8873,6.175,6.181,6.2112,6.4024,6.3664,6.4503,6.6225,6.4683,6.4554,6.6983,6.8098,6.7862,6.4775,6.6277,6.5835
196,6.296,6.334,6.4129,6.6656,6.482,6.5106,7.2795,7.5191,7.2621,6.4323,6.7732,6.9788,6.5862,6.6177,6.2949,6.6288,6.8105,6.9999,6.078,6.8107,6.0402,6.4611,5.9935,,6.4292,6.8267,6.2099,6.0037,5.858,5.9575,6.2343,6.3293,6.307,6.451,6.5344,6.4013,6.1292,6.1608,6.1213,6.3843,6.3196,6.3731,5.6695,5.6763,5.6433,5.8783,5.8367,5.9545,6.0998,5.8033,6.0219,6.0895,6.2226,6.1187,6.9484,6.9962,6.9812,7.0902,6.9906,6.9854,7.2991,7.0861,7.26,7.0301,7.5132,7.5478,6.3756,6.4268,6.462,6.5066,6.4908,6.458,6.633,6.5873,6.5966,6.8216,6.9081,7.0139,6.9371,7.0227,6.9404,7.1454,6.9725,6.8474,7.0624,7.0179,6.8896,6.1775,6.1836,6.2138,6.4052,6.3695,6.4535,6.6255,6.4689,6.4593,6.7012,6.8124,6.7883,6.4795,6.6317,6.5858
200,6.298,6.334,6.4152,6.6691,6.4855,6.5139,7.2788,7.5212,7.2609,6.4341,6.7727,6.9798,6.5893,6.6199,6.2994,6.629,6.8101,7.0062,6.0821,6.8105,6.0377,6.4592,5.9981,,6.4249,6.8288,6.2125,6.0071,5.8622,5.9612,6.2377,6.3319,6.3088,6.4524,6.5358,6.4031,6.1294,6.1621,6.1222,6.3876,6.3227,6.3761,5.673,5.6791,5.6447,5.8817,5.8395,5.9565,6.1039,5.8057,6.0227,6.093,6.2267,6.1226,6.9519,6.9983,6.9834,7.0923,6.9963,6.9878,7.3022,7.0888,7.2627,7.0329,7.5169,7.5535,6.3771,6.4289,6.4649,6.5087,6.4918,6.46,6.6365,6.5922,6.599,6.8266,6.9114,7.0199,6.9402,7.0265,6.9442,7.1473,6.9763,6.8497,7.0649,7.0168,6.8925,6.1794,6.1836,6.2159,6.4084,6.3721,6.4566,6.6279,6.4716,6.465,6.7052,6.816,6.7932,6.4812,6.6369,6.5883
204,6.2982,6.3366,6.4184,6.6673,6.4893,6.5162,7.2815,7.5199,7.2597,6.4377,6.7726,6.9827,6.5916,6.622,6.3038,6.6325,6.8096,7.0015,6.0811,6.809,6.0434,6.4604,5.9964,,6.4267,6.8311,6.2147,6.0103,5.8646,5.9641,6.241,6.3344,6.3121,6.4535,6.5356,6.4055,6.1296,6.1654,6.1243,6.391,6.3258,6.3796,5.6757,5.6825,5.647,5.8828,5.8426,5.9603,6.1059,5.8081,6.0249,6.0964,6.2286,6.1261,6.9534,7.0016,6.9869,7.0948,6.998,6.9905,7.3046,7.0912,7.2642,7.0369,7.5192,7.5576,6.3805,6.4302,6.4676,6.5123,6.492,6.4609,6.6396,6.5933,6.6005,6.8286,6.9145,7.0189,6.9451,7.0294,6.9457,7.1488,6.9785,6.8524,7.0681,7.0204,6.8941,6.1801,6.1851,6.2195,6.4099,6.3731,6.4584,6.6314,6.4711,6.4682,6.7069,6.8199,6.7964,6.4839,6.6388,6.5899
208,6.2986,6.3381,6.4206,6.6689,6.4923,6.5195,7.285,7.5193,7.2616,6.4401,6.7743,6.9832,6.5963,6.6247,6.3069,6.6299,6.81,7.0022,6.0801,6.8114,6.0393,6.4608,,,6.4293,6.8328,6.2171,6.0129,5.8667,5.9647,6.2432,6.3362,6.3151,6.4545,6.5353,6.4069,,6.1662,6.1232,6.395,6.3302,6.3827,5.6772,5.6851,5.648,5.8874,5.8462,5.9618,6.1094,5.8107,6.0266,6.0998,6.2319,6.1302,6.9556,7.005,6.9891,7.0974,7.0003,6.9932,7.3071,7.0935,7.2662,7.0385,7.5226,7.561,6.3811,6.4331,6.4698,6.5158,6.4923,6.4624,6.6416,6.597,6.6034,6.8304,6.9176,7.0216,6.9466,7.0312,6.9501,7.1509,6.9803,6.8548,7.0709,7.0222,6.897,6.183,6.1852,6.2211,6.4138,6.3754,6.4608,6.6336,6.4731,6.4709,6.7104,6.8222,6.7989,6.4854,6.6417,6.5928
212,6.2988,6.3375,6.4233,6.6683,6.4948,6.5225,7.285,7.5193,7.2638,6.4434,6.7752,6.9834,6.5994,6.6267,6.3116,6.6313,6.811,7.0062,6.0831,6.8079,6.046,6.4592,,,6.4296,6.8315,6.2206,6.0165,5.8698,5.969,6.2469,6.3394,6.3185,6.4586,6.535,6.4101,,6.169,6.1245,6.3972,6.3355,6.3846,5.6802,5.6884,5.6496,5.8894,5.8486,5.9646,6.1122,5.8133,6.0282,6.1025,6.2342,6.1338,6.9591,7.0068,6.9923,7.1003,7.0023,6.996,7.3094,7.0946,7.2695,7.0432,7.5242,7.5642,6.3844,6.4354,6.4738,6.5188,6.4936,6.4627,6.6448,6.5991,6.6043,6.834,6.9207,7.0251,6.9488,7.0332,6.9525,7.1524,6.9853,6.8569,7.0727,7.0237,6.9005,6.1861,6.1883,6.2236,6.4158,6.3767,6.4626,6.6354,6.4746,6.473,6.7128,6.8241,6.8016,6.489,6.644,6.5937
216,6.2995,6.339,6.4266,6.6672,6.4982,6.5246,7.2851,7.5207,7.2624,6.4467,6.7788,6.9852,6.6014,6.6297,6.315,6.6306,6.8128,6.9994,6.0822,,6.0417,6.4583,,,,6.8285,6.2233,6.0202,5.871,5.9709,6.2498,6.3413,6.3209,6.4609,6.5371,6.4124,,6.1714,6.1264,6.4005,6.337,6.388,5.6826,5.6917,5.6523,5.8923,5.85,5.9666,6.1159,5.8156,6.031,6.1053,6.2365,6.1346,6.9627,7.0096,6.995,7.1029,7.0015,6.9992,7.3118,7.0977,7.2719,7.0451,7.5273,7.568,6.3862,6.4371,6.475,6.5207,6.4923,6.4644,6.6488,6.6009,6.6075,6.8383,6.9232,7.024,6.9518,7.0362,6.9547,7.1548,6.9886,6.8604,7.0755,7.0282,6.9032,6.187,6.1878,6.2257,6.4182,6.3785,6.4643,6.6389,6.477,6.4755,6.7169,6.8274,6.8037,6.4909,6.6472,6.5983
220,6.3005,6.3393,6.4292,6.6709,6.5019,6.5274,7.2824,7.5218,7.2593,6.4494,6.7787,6.9863,6.605,6.6322,6.3187,6.6325,6.8135,,6.0793,,6.0447,,,,,6.8331,6.2264,6.0223,5.8745,5.9722,6.2512,6.3438,6.3226,6.4637,6.5383,6.4147,,6.1721,6.1296,6.402,6.34,6.3905,5.6841,5.6957,5.6536,5.8948,5.8533,5.9695,6.1181,5.8174,6.033,6.1075,6.2383,6.1367,6.965,7.0125,6.9963,7.1042,7.0016,7.0021,7.316,7.0997,7.2746,7.0474,7.5295,7.5718,6.3875,6.4406,6.4758,6.5226,6.4941,6.4656,6.6497,6.6048,6.6094,6.8404,6.9256,7.0281,6.9532,7.039,6.9578,7.157,6.9915,6.8621,7.0798,7.0314,6.9062,6.1907,6.1907,6.2291,6.421,6.3808,6.4682,6.641,6.4795,6.4768,6.7198,6.8299,6.8063,6.4932,6.6498,6.598
224,6.2999,6.3413,6.4325,6.67,6.504,6.5296,7.2827,7.5232,7.2631,6.4511,6.7853,6.9869,6.6078,6.6354,6.3207,6.6286,6.8132,,6.0802,,6.0457,,,,,6.8328,6.2293,6.0245,5.8771,5.976,6.2552,6.3461,6.3248,6.4679,6.5402,6.4166,,6.1749,6.1335,6.4034,6.3408,6.3937,5.6871,5.6972,5.6556,5.8975,5.8558,5.9725,6.1212,5.8205,6.0351,6.1106,6.2418,6.1378,6.9666,7.0145,7.0005,7.1077,7.0045,7.0033,7.319,7.1016,7.2785,7.0501,7.5344,7.5734,6.3905,6.4432,6.4799,6.5253,6.4954,6.4651,6.6517,6.6068,6.6114,6.8437,6.9298,7.0312,6.9549,7.0404,6.9615,7.1592,6.9939,6.8652,7.081,7.0328,6.9094,6.1931,6.191,6.231,6.422,6.3833,6.4704,6.6444,6.481,6.4786,6.7216,6.8323,6.808,6.4949,6.6526,6.6017
228,6.3005,6.3434,6.4353,6.6703,6.5072,6.5323,7.2826,7.5222,,6.4542,6.7837,6.9878,6.6107,6.6362,6.3237,6.6303,6.8137,,6.0797,,6.0393,,,,,6.8332,6.2306,6.0286,5.8804,5.9786,6.2585,6.3484,6.3274,6.4698,6.5403,6.4199,,6.1757,6.1363,6.4072,6.3438,6.3953,5.6889,5.7012,5.6579,5.9006,5.8586,5.9755,6.1229,5.8228,6.0362,6.1124,6.2439,6.1378,6.9687,7.0168,7.0018,7.1101,7.0071,7.007,7.32,7.1054,7.2803,7.052,7.5363,7.5775,6.3923,6.4443,6.4815,6.5276,6.4949,6.4662,6.655,6.6091,6.6137,6.8454,6.9308,7.033,6.9574,7.0414,6.9626,7.1603,6.9958,6.8672,7.0827,7.0354,6.914,6.1965,6.1918,6.233,6.4244,6.3864,6.4723,6.6469,6.4817,6.4787,6.7238,6.8352,6.8102,6.4959,6.6543,6.6035
232,6.3007,6.3439,6.4384,6.6713,6.5099,6.5359,7.2823,,,6.458,6.7862,6.9884,6.615,6.6377,6.3271,,6.8146,,,,,,,,,6.8372,6.234,6.0319,5.8809,5.9801,6.2611,6.3523,6.3285,6.4712,6.5408,6.4222,,6.1773,6.1408,6.4067,6.3437,6.3978,5.6902,5.7032,5.6596,5.9032,5.8605,5.9783,6.1259,5.8243,6.0373,6.1152,6.2464,6.1391,6.9727,7.019,7.0023,7.1121,7.0084,7.0095,7.3226,7.1062,7.2825,7.0543,7.5389,7.5821,6.3938,6.4463,6.4843,6.5288,6.495,6.4678,6.6582,6.6115,6.615,6.8493,6.9344,7.0342,6.9606,7.0442,6.965,7.1634,6.9991,6.8696,7.0852,7.0373,6.9164,6.1985,6.1929,6.2353,6.4259,6.3912,6.4748,6.6474,6.4824,6.481,6.727,6.8377,6.8121,6.4992,6.6576,6.6031
236,6.3004,6.345,6.4406,6.6707,6.5124,6.5377,,,,6.4597,6.7846,6.9897,6.617,6.6395,6.3304,,6.816,,,,,,,,,6.8354,6.2375,6.0342,5.8831,5.9827,6.2628,6.3541,6.3323,6.4733,6.5411,6.4247,,6.1803,6.1447,6.4087,6.344,6.3994,5.6921,5.7061,5.6613,5.9059,5.8628,5.9801,6.126,5.8266,6.0398,6.1186,6.2499,6.1419,6.972,7.0217,7.004,7.1141,7.0124,7.0109,7.3249,7.1084,7.2846,7.0581,7.5407,7.585,6.396,6.4483,6.4844,6.5305,6.4963,6.4682,6.6614,6.615,6.6161,6.8496,6.9373,7.0376,6.9634,7.047,6.9677,7.166,7.0008,6.8721,7.0875,7.0391,6.9181,6.2015,6.1926,6.2383,6.4285,6.3947,6.4761,6.6521,6.4831,6.4851,6.7307,6.8393,6.8142,6.5001,6.66,6.6054
240,6.3013,6.3472,6.4443,6.6741,6.5148,6.5394,,,,6.4634,6.7854,6.9908,6.6206,6.6422,6.3333,,6.8156,,,,,,,,,6.8339,6.2416,6.0355,5.8853,5.9848,6.2653,6.3569,6.3338,6.4753,6.5426,6.4262,,6.1821,6.1462,6.4109,6.3458,6.4015,5.6947,5.7087,5.6645,5.908,5.8651,5.9827,6.1287,5.8287,6.0409,6.1204,6.2515,6.1431,6.9756,7.0236,7.0057,7.1173,7.0155,7.0156,7.3263,7.1104,7.2878,7.0587,7.5426,7.5866,6.399,6.4505,6.4879,6.5316,6.496,6.4694,6.6637,6.6158,6.6182,6.8514,6.9383,7.0371,6.9651,7.0484,6.9699,7.168,7.0027,6.8741,7.0895,7.043,6.9215,6.2043,6.1947,6.2408,6.4292,6.3992,6.478,6.6524,6.4851,6.4905,6.7313,6.8421,6.8177,6.5,6.6619,6.6076
244,6.3025,6.3475,6.4461,6.6718,6.5169,6.5416,,,,6.4657,6.7853,6.9912,6.6216,6.643,6.3356,,6.8151,,,,,,,,,6.8359,6.2443,6.0382,5.8871,5.9868,6.2681,6.3603,6.3366,6.4754,6.5425,6.4287,,6.1822,6.1485,6.4131,6.3473,6.4064,5.6977,5.7112,5.667,5.9087,5.8679,5.9849,6.1318,5.8306,6.0417,6.1226,6.2533,6.1451,6.9774,7.0246,7.0074,7.1189,7.0185,7.0168,7.3282,7.1123,7.2892,7.0612,7.5429,7.5899,6.401,6.4514,6.488,6.5343,6.4967,6.4703,6.6661,6.6184,6.62,6.8539,6.9404,7.0392,6.9674,7.0494,6.9713,7.17,7.0056,6.8767,7.0896,7.0453,6.9249,6.2063,6.1973,6.2428,6.4323,6.4041,6.4793,6.6549,6.4847,6.495,6.7326,6.8444,6.8167,6.5028,6.6645,6.6089
248,6.3019,6.3505,6.4482,6.6719,6.5204,6.5433,,,,6.4684,6.788,6.9908,6.625,6.6441,6.3373,,6.8177,,,,,,,,,6.8358,6.248,6.0399,5.8902,5.9877,6.2709,6.361,6.3391,6.4765,6.542,6.43,,6.1848,6.1488,6.4165,6.3484,6.4073,5.6984,5.7134,5.6695,5.9112,5.8678,5.9874,6.1338,5.8323,6.0424,6.1246,6.2545,6.1492,6.9795,7.0243,7.01,7.1207,7.0239,7.0191,7.3307,7.114,7.29,7.0632,7.5472,7.592,6.403,6.453,6.491,6.536,6.4956,6.4711,6.6682,6.6185,6.6227,6.855,6.9409,7.0361,6.969,7.0518,6.9752,7.1691,7.0073,6.878,7.0909,7.0465,6.9258,6.2064,6.1989,6.2426,6.434,6.4065,6.4804,6.6572,6.4865,6.4977,6.7355,6.8468,6.8207,6.5063,6.6682,6.6095
